,,,,,,,IE3415,IE3415,,,,,,,,,,
,,,,,,,IE3415,IE3415,,,,,,,,,,
,,,,,,,IE3414,,,,,,,,,,,
,,,,,,,IE3413,,,,,,,,,,,
,,,,,,,IE3413,,,,,,,,,,,
,,,,,,,IE3412,,,,,,,,,,,
,,,,,,,IE3411,,,,,,,,,,,
,,,,,,,IE3410,,,,,,,,,,,
,,,,,,,IE3409,,,,,,,,,,,
IE3402,IE3402,IE3403,IE3404,IE3404,IE3405,IE3405,,,,,,,,,,,,
IE3402,IE3402,,,,,,,,,,,,,,,,,
IE3402,IE3402,,,,,,,,,,,,,,,,,
IE3402,IE3402,,IE3406,IE3406,IE3407,IE3408,,,,,,,,,,,,
IE3401,IE3401,,IE3406,IE3406,IE3407,IE3408,,,,,,,,,,,,
IE3401,IE3401,,,,,,,,,,,,,,,,,
IE3401,IE3401,,,,,,,,,,,,,,,,,
IE3401,IE3401,,,,,,,,,,,,,,,,,
,,,,,,,,,,,,,,,,,,
,,,,,,,,,,,,,,,,,,
IE2409,IE2409,,IE2408,IE2407,IE2406,IE2406,IE2405,IE2405,,,,IE2404,IE2404,IE2404,IE2402,IE2402,IE2401,IE2401
IE2409,IE2409,,IE2408,IE2407,IE2406,IE2406,IE2405,IE2405,,,,IE2404,IE2404,IE2403,IE2402,IE2402,IE2401,IE2401
